Name,BehavioralSummary,Openness,Conscientiousness,Extraversion,Agreeableness,Neuroticism
Ethan Parker,"Ethan shows developing conscientiousness as he learns to automate manual processes and implement proper version control workflows. His high openness to experience is evident in his eagerness to understand cloud technologies and containerization concepts. He exhibits high extraversion, actively participating in infrastructure discussions and seeking guidance from senior DevOps engineers. Ethan displays moderate emotional stability, handling routine tasks well while becoming stressed during complex system troubleshooting. His high agreeableness makes him well-liked by teams, though he sometimes agrees to implement solutions beyond his current expertise level.",0.9,0.7,0.8,0.8,0.4
David Park,"David exhibits exceptional conscientiousness with systematic approaches to testing and documentation that have prevented major production issues. His high openness to experience is reflected in his early adoption of cross-platform solutions and willingness to experiment with emerging frameworks. He shows moderate extraversion, preferring small team discussions over large meetings but contributing valuable insights when he speaks. David demonstrates high emotional stability, maintaining composure during critical bug fixes and client presentations. His agreeableness makes him a trusted mentor, though he sometimes delays decisions to avoid potential conflicts with stakeholders.",0.8,0.9,0.5,0.7,0.2
Daniel Wilson,"Daniel shows developing conscientiousness as he learns to implement responsive designs and maintain consistent coding standards. His high openness to experience drives his enthusiasm for understanding modern frontend development and learning React fundamentals. He exhibits high extraversion, actively participating in code reviews and seeking guidance from senior frontend developers. Daniel displays moderate emotional stability, handling routine development feedback well while becoming overwhelmed during complex CSS layout challenges. His high agreeableness makes him well-liked by teammates, though he sometimes agrees to implement features beyond his current technical knowledge.",0.9,0.7,0.8,0.85,0.4
Kevin Zhang,"Kevin demonstrates exceptional conscientiousness through his systematic approach to code reviews and comprehensive unit testing practices. His high openness to experience is evident in his proactive adoption of new development frameworks and continuous learning of emerging technologies. He exhibits moderate extraversion, effectively collaborating with cross-functional teams while maintaining focus on backend development tasks. Kevin shows excellent emotional stability during production incidents and tight project deadlines. His high agreeableness makes him a mentor to junior developers, though he sometimes spends excessive time helping others at the expense of his own deliverables.",0.9,0.9,0.6,0.8,0.2
Connor Williams,"Connor shows developing conscientiousness through his methodical approach to learning mobile development patterns and systematic code organization. His high openness to experience is evident in his eagerness to master both iOS and Android development paradigms. He exhibits high extraversion, actively engaging in team discussions and seeking guidance from experienced developers. Connor displays moderate emotional stability, performing well with structured tasks while becoming anxious during open-ended technical challenges. His high agreeableness makes him a popular team member, though he sometimes avoids making technical decisions that might conflict with senior developers' preferences.",0.8,0.7,0.85,0.8,0.4
Lucas Nelson,"Lucas exhibits exceptional conscientiousness through his systematic approach to API design and comprehensive error handling implementation. His high openness to experience drives his exploration of new backend technologies and architectural patterns. He shows moderate extraversion, effectively communicating technical concepts to frontend developers while preferring focused development work. Lucas demonstrates high emotional stability during system outages and complex debugging scenarios. His moderate agreeableness helps him balance performance optimization with development team needs, though he sometimes becomes overly focused on technical perfection at the expense of delivery timelines.",0.8,0.95,0.6,0.6,0.2
Jessica Martinez,"Jessica shows developing conscientiousness as she learns to balance theoretical AI understanding with practical implementation requirements. Her high openness to experience is evident in her enthusiasm for understanding different AI approaches and learning advanced frameworks. She exhibits high extraversion, actively participating in AI discussions and seeking feedback from senior engineers. Jessica displays moderate emotional stability, handling routine AI tasks confidently while becoming overwhelmed during complex neural network design challenges. Her high agreeableness makes her popular among AI teams, though she sometimes agrees to tackle AI problems beyond her current algorithmic knowledge.",0.9,0.7,0.8,0.8,0.4
Gabriel Thompson,"Gabriel demonstrates exceptional conscientiousness in his architectural decision-making and comprehensive documentation of complex state management implementations. His moderate openness to experience shows in his careful evaluation of new patterns while maintaining code stability. He exhibits moderate extraversion, contributing valuable technical insights during architecture discussions while preferring focused development work. Gabriel maintains high emotional stability during complex refactoring efforts and technical challenges. His high agreeableness makes him a patient mentor and collaborative team member, though he sometimes compromises on technical standards to accommodate team preferences.",0.5,0.9,0.6,0.8,0.2
Emma Rodriguez,"Emma shows strong conscientiousness in following coding standards and maintaining clean, readable code despite being new to professional development. Her high openness to experience is evident in her enthusiasm for learning multiple programming languages simultaneously. She displays high extraversion, actively participating in team meetings and seeking feedback from senior developers. Emma shows good emotional stability for a junior developer, handling constructive criticism well though she occasionally becomes overwhelmed during complex debugging sessions. Her high agreeableness makes her well-liked by teammates, though she sometimes hesitates to voice disagreement with senior developers' suggestions.",0.8,0.9,0.85,0.8,0.3
Alexandra Foster,"Alexandra exhibits high conscientiousness through her systematic approach to design validation and comprehensive documentation of user research findings. Her high openness to experience drives her exploration of cutting-edge design tools and experimental interaction patterns. She shows high extraversion, leading design thinking workshops and effectively communicating design rationale to stakeholders. Alexandra demonstrates excellent emotional stability during challenging design critiques and tight project deadlines. Her moderate agreeableness helps her balance user advocacy with business requirements, though she occasionally becomes perfectionistic about animation details which can impact delivery schedules.",0.9,0.8,0.8,0.6,0.2
Daniel White,"Daniel shows exceptional conscientiousness in his detailed approach to design consistency and thorough documentation of design decisions. His high openness to experience is reflected in his willingness to experiment with unconventional design solutions and emerging technologies. He exhibits low to moderate extraversion, preferring to present polished design concepts rather than participate in brainstorming sessions. Daniel maintains excellent emotional stability during design reviews and stakeholder feedback sessions. His high agreeableness makes him collaborative and receptive to feedback, though he sometimes compromises his design vision too quickly when facing strong opposition from non-design stakeholders.",0.8,0.9,0.4,0.8,0.2
Connor Thompson,"Connor demonstrates emerging conscientiousness in his systematic approach to learning AI concepts and maintaining organized model development notes. His moderate openness to experience shows in his careful exploration of AI tools while building mathematical foundations. He exhibits moderate extraversion, contributing thoughtfully in AI learning sessions while being reserved during technical presentations. Connor shows good emotional stability for his experience level, handling AI feedback well though occasionally feeling stressed during complex implementation requirements. His high agreeableness makes him collaborative and receptive to mentorship, though he sometimes hesitates to propose alternative AI approaches.",0.5,0.7,0.4,0.8,0.3
Jennifer Lopez,"Jennifer exhibits high conscientiousness through her meticulous approach to data validation and comprehensive documentation of analytical methodologies. Her high openness to experience drives her exploration of new analytical techniques and emerging data science tools. She shows moderate extraversion, effectively presenting data insights to stakeholders while preferring focused analytical work. Jennifer demonstrates excellent emotional stability during tight reporting deadlines and challenging data interpretation scenarios. Her moderate agreeableness helps her balance accurate data reporting with stakeholder expectations, though she sometimes becomes frustrated when asked to present data in ways that might be misleading.",0.8,0.9,0.5,0.6,0.2
Kevin Martinez,"Kevin shows high conscientiousness in his systematic approach to monitoring and alerting systems that have significantly reduced downtime. His high openness to experience drives his exploration of cutting-edge DevOps tools and practices, often bringing innovative solutions to traditional problems. He displays moderate extraversion, contributing valuable insights during architecture discussions while preferring hands-on technical work. Kevin demonstrates high emotional stability, handling complex multi-system failures with methodical problem-solving approaches. His agreeableness makes him a valuable collaborator across teams, though he sometimes struggles with delegating tasks due to his preference for hands-on involvement.",0.8,0.9,0.5,0.7,0.2
Michael Brown,"Michael shows developing conscientiousness as he learns to balance comprehensive testing with efficient defect identification and clear communication protocols. His high openness to experience drives his enthusiasm for understanding different testing approaches and learning automation fundamentals. He exhibits high extraversion, actively participating in QA discussions and seeking mentorship from senior quality engineers. Michael displays moderate emotional stability, handling routine testing tasks confidently while becoming stressed during complex integration testing scenarios. His high agreeableness makes him popular among development teams, though he sometimes hesitates to report bugs that might impact beloved features.",0.8,0.7,0.9,0.8,0.5
Chloe Davis,"Chloe shows developing conscientiousness as she learns to implement proper error handling and secure coding practices in web applications. Her high openness to experience is evident in her eagerness to understand MVC architecture patterns and learn database optimization techniques. She exhibits high extraversion, actively participating in backend discussions and seeking feedback from senior developers. Chloe displays moderate emotional stability, handling routine development tasks well while becoming stressed during complex API integration challenges. Her high agreeableness makes her popular among development teams, though she sometimes takes on backend features beyond her current expertise to demonstrate learning progress.",0.8,0.7,0.85,0.8,0.4
Ethan Miller,"Ethan shows developing conscientiousness as he learns to organize analytical workflows and implement systematic data validation procedures. His high openness to experience is evident in his eagerness to understand advanced analytical concepts and learn Python programming for data analysis. He exhibits high extraversion, actively participating in analytical discussions and seeking guidance from senior data analysts. Ethan displays moderate emotional stability, handling routine analytical feedback well while becoming overwhelmed during complex statistical modeling challenges. His high agreeableness makes him well-liked by analytical teams, though he sometimes agrees to produce analyses beyond his current statistical knowledge.",0.9,0.7,0.8,0.8,0.4
Elena Rodriguez,"Elena demonstrates high conscientiousness through her comprehensive approach to product validation and systematic documentation of customer insights. Her high openness to experience is reflected in her willingness to challenge conventional product wisdom and explore innovative positioning strategies. She displays high extraversion, leading customer research initiatives and effectively communicating insights to executive teams. Elena shows excellent emotional stability during product failures and challenging pivot decisions. Her moderate agreeableness helps her advocate for customer needs while balancing business constraints, though she occasionally becomes frustrated when internal politics override customer-centric decisions.",0.9,0.9,0.8,0.6,0.2
Emma Davis,"Emma exhibits high conscientiousness through her comprehensive approach to full-stack feature development and thorough testing across all application layers. Her high openness to experience drives her exploration of new development frameworks and willingness to tackle complex technical challenges. She shows moderate extraversion, effectively collaborating with cross-functional teams while preferring focused development work. Emma demonstrates excellent emotional stability during tight deadlines and challenging technical implementations. Her moderate agreeableness helps her balance frontend user experience with backend performance requirements, though she sometimes becomes overly perfectionist which can impact delivery timelines.",0.8,0.9,0.5,0.6,0.2
Alexander Kim,"Alexander exhibits high conscientiousness through his systematic approach to API documentation and comprehensive implementation of async programming patterns. His high openness to experience drives his exploration of modern Python frameworks and cloud-native backend architectures. He shows moderate extraversion, effectively collaborating with frontend teams while maintaining focus on backend optimization. Alexander demonstrates excellent emotional stability during high-load testing scenarios and complex database migration challenges. His moderate agreeableness helps him balance code quality with development velocity, though he sometimes becomes overly focused on performance metrics at the expense of feature completion timelines.",0.8,0.9,0.6,0.7,0.2
Lisa Kim,"Lisa shows emerging conscientiousness in her structured approach to learning and documenting her development process. Her high openness to experience drives her rapid skill acquisition and interest in exploring different mobile development frameworks. She displays moderate extraversion, contributing actively in pair programming sessions while being more reserved in large team settings. Lisa demonstrates good emotional stability for her experience level, bouncing back quickly from coding setbacks though sometimes becoming impatient with lengthy debugging processes. Her agreeableness makes her a collaborative team member, though she occasionally struggles with prioritizing tasks when receiving input from multiple senior developers.",0.8,0.7,0.5,0.7,0.3
Jacob Anderson,"Jacob shows developing conscientiousness as he learns to balance frontend aesthetics with backend functionality while maintaining code organization. His high openness to experience drives his enthusiasm for understanding the complete web development stack and exploring different programming paradigms. He exhibits high extraversion, actively participating in code reviews and seeking feedback from senior full-stack developers. Jacob displays moderate emotional stability, handling routine development tasks well while becoming stressed during complex integration challenges. His high agreeableness makes him popular among teammates, though he sometimes takes on full-stack features beyond his current skill level to demonstrate capability.",0.9,0.7,0.8,0.8,0.4
Diana Wilson,"Diana shows high conscientiousness in her meticulous approach to security monitoring and comprehensive documentation of compliance requirements. Her moderate openness to experience is evident in her thoughtful adoption of new security tools while maintaining proven investigation methodologies. She exhibits low to moderate extraversion, contributing valuable insights during security reviews while preferring detailed forensic analysis work. Diana maintains excellent emotional stability during high-pressure security incidents and complex compliance audits. Her high agreeableness makes her collaborative when coordinating security responses, though she sometimes delays critical security decisions to ensure complete stakeholder consensus.",0.5,0.9,0.3,0.8,0.2
Roberto Silva,"Roberto shows developing conscientiousness as he learns to balance theoretical ML understanding with practical implementation requirements. His high openness to experience drives his enthusiasm for understanding different ML algorithms and their real-world applications. He exhibits high extraversion, actively participating in ML discussions and seeking feedback from senior machine learning engineers. Roberto displays moderate emotional stability, handling routine ML tasks confidently while becoming stressed during complex model architecture decisions. His high agreeableness makes him popular among ML teams, though he sometimes agrees to implement ML solutions beyond his current algorithmic knowledge to demonstrate learning progress.",0.9,0.7,0.8,0.8,0.4
Alex Thompson,"Alex exhibits exceptional conscientiousness through his comprehensive approach to infrastructure automation and detailed disaster recovery planning. His high openness to experience is demonstrated by his early adoption of containerization technologies and continuous integration practices. He shows moderate extraversion, effectively communicating complex technical concepts to development teams while preferring focused technical work. Alex maintains high emotional stability during system outages and high-pressure incidents, rarely showing stress even during critical failures. His agreeableness makes him approachable for troubleshooting help, though he sometimes becomes impatient with repetitive manual processes that could be automated.",0.8,0.9,0.6,0.7,0.2
Isabella Cooper,"Isabella demonstrates high conscientiousness through her meticulous attention to security alert investigation and comprehensive incident documentation. Her high openness to experience drives her exploration of emerging threat vectors and innovative security solutions. She shows high extraversion, effectively coordinating security awareness training and cross-departmental security initiatives. Isabella exhibits excellent emotional stability, remaining calm and analytical during security breaches and threat escalations. Her moderate agreeableness allows her to enforce necessary security measures while building positive relationships across teams, though she sometimes becomes impatient with users who repeatedly violate security policies.",0.9,0.9,0.8,0.6,0.2
Sofia Martinez,"Sofia shows high conscientiousness in her meticulous approach to backend security implementation and thorough validation of business logic components. Her moderate openness to experience is evident in her thoughtful evaluation of new .NET features while maintaining proven development patterns. She exhibits moderate extraversion, contributing valuable insights during system design discussions while preferring focused development sessions. Sofia maintains high emotional stability during complex debugging scenarios and stakeholder technical reviews. Her high agreeableness makes her collaborative and supportive when sharing knowledge, though she sometimes delays architectural decisions to ensure team consensus on implementation approaches.",0.5,0.9,0.5,0.8,0.2
Rachel Chennam,"Rachel exhibits exceptional conscientiousness through her comprehensive test case development and meticulous documentation of software defects. Her moderate openness to experience shows in her careful evaluation of new testing tools while maintaining focus on proven testing methodologies. She displays moderate extraversion, effectively communicating quality issues to development teams while preferring detailed written bug reports. Rachel demonstrates excellent emotional stability during critical bug triage sessions and release pressure situations. Her moderate agreeableness helps her balance quality advocacy with development timeline constraints, though she sometimes appears inflexible when teams request to ship with known minor issues.",0.5,0.9,0.6,0.6,0.2
Christopher Lee,"Christopher shows high conscientiousness in his detailed approach to user experience optimization and thorough analysis of design performance metrics. His moderate openness to experience is evident in his thoughtful evaluation of new research tools while maintaining focus on proven design methodologies. He exhibits moderate extraversion, effectively presenting research insights to cross-functional teams while preferring individual design work. Christopher maintains high emotional stability during stakeholder feedback sessions and challenging design pivots. His high agreeableness makes him collaborative and patient when explaining design decisions, though he sometimes compromises design integrity when facing pressure for rapid iterations.",0.5,0.8,0.5,0.8,0.2
Robert Kim,"Robert demonstrates high conscientiousness in his systematic approach to market analysis and detailed product requirement documentation. His moderate openness to experience shows in his balanced approach to innovation, carefully weighing new trends against proven market demands. He exhibits moderate extraversion, excelling in structured meetings and presentations while preferring smaller stakeholder discussions. Robert shows high emotional stability, remaining composed during product crises and challenging board presentations. His high agreeableness sometimes makes decision-making challenging when balancing conflicting stakeholder needs, though his diplomatic approach helps maintain team harmony during difficult prioritization discussions.",0.5,0.8,0.5,0.8,0.2
Emily Wilson,"Emily shows developing conscientiousness as she learns to organize cloud learning objectives and implement systematic study of infrastructure concepts. Her high openness to experience drives her enthusiasm for understanding different cloud platforms and learning automation fundamentals. She exhibits high extraversion, actively participating in cloud discussions and seeking guidance from senior engineers. Emily displays moderate emotional stability, handling routine cloud learning well while becoming stressed during complex networking configuration exercises. Her high agreeableness makes her well-liked by cloud teams, though she sometimes takes on cloud challenges beyond her current infrastructure expertise to demonstrate learning commitment.",0.8,0.6,0.9,0.8,0.4
David Thompson,"David shows developing conscientiousness as he learns to balance thorough data exploration with timely analytical deliverables. His high openness to experience is evident in his eagerness to understand complex machine learning concepts and statistical methodologies. He exhibits high extraversion, actively participating in data science discussions and seeking mentorship from senior data scientists. David displays moderate emotional stability, handling routine analytical tasks confidently while becoming overwhelmed during complex model development challenges. His high agreeableness makes him well-liked by analytical teams, though he sometimes agrees to tackle analytical problems beyond his current statistical knowledge to demonstrate potential.",0.9,0.7,0.8,0.8,0.4
Austin Davis,"Austin demonstrates developing conscientiousness as he learns to prioritize competing product requirements and maintain organized project documentation. His high openness to experience drives his enthusiasm for understanding customer behavior and learning advanced product management techniques. He exhibits high extraversion, actively participating in stakeholder meetings and seeking mentorship from senior product managers. Austin displays moderate emotional stability, handling routine product discussions confidently while becoming overwhelmed during complex feature prioritization decisions. His high agreeableness makes him popular among development teams, though he sometimes agrees to unrealistic timelines to avoid disappointing stakeholders.",0.8,0.6,0.9,0.8,0.4
Jordan Lee,"Jordan demonstrates strong conscientiousness in following established procedures and documenting learning progress systematically. Their moderate openness to experience shows in careful, methodical exploration of new technologies with thorough testing in development environments. They display low to moderate extraversion, preferring to contribute through prepared presentations rather than spontaneous technical discussions. Jordan shows developing emotional stability, handling routine tasks confidently while seeking support during high-pressure situations. Their high agreeableness makes them collaborative and supportive of team goals, though they sometimes struggle with asserting their ideas when they differ from senior team members' approaches.",0.4,0.8,0.3,0.9,0.4
Ethan Roberts,"Ethan shows developing conscientiousness through his careful attention to code syntax and systematic progression through frontend learning resources. His moderate openness to experience is balanced with focus on mastering fundamental concepts before exploring advanced frameworks. He displays low to moderate extraversion, preferring to contribute through well-prepared code demonstrations rather than spontaneous technical discussions. Ethan demonstrates developing emotional stability, maintaining focus during structured learning while seeking support during open-ended development challenges. His high agreeableness makes him eager to learn and supportive of team objectives, though he sometimes lacks confidence in debugging complex issues independently.",0.4,0.7,0.3,0.8,0.3
Elena Johnson,"Elena shows high conscientiousness in her meticulous approach to production ML systems and thorough monitoring of model performance drift detection. Her moderate openness to experience is evident in her thoughtful adoption of ML platform technologies while maintaining focus on reliable deployment practices. She exhibits moderate extraversion, contributing valuable insights during ML operations discussions while preferring focused model monitoring work. Elena maintains high emotional stability during model failures and complex stakeholder discussions about ML system reliability. Her high agreeableness makes her collaborative when coordinating ML deployments across teams, though she sometimes delays model updates to ensure complete validation coverage.",0.5,0.9,0.5,0.8,0.2
Austin Martinez,"Austin shows developing conscientiousness as he learns to coordinate frontend and backend development while maintaining organized project structures. His high openness to experience drives his enthusiasm for understanding how different technologies work together in full-stack applications. He exhibits high extraversion, actively participating in development discussions and seeking guidance from experienced full-stack developers. Austin displays moderate emotional stability, handling routine development tasks well while becoming overwhelmed during complex architectural decision scenarios. His high agreeableness makes him popular among development teams, though he sometimes agrees to implement full-stack solutions beyond his current technical knowledge.",0.8,0.6,0.9,0.8,0.4
Devika Patel,"Devika exhibits high conscientiousness through her systematic approach to experimental design and comprehensive validation of analytical findings. Her high openness to experience drives her exploration of advanced analytics techniques and innovative data visualization approaches. She shows high extraversion, leading data storytelling workshops and effectively communicating insights to executive stakeholders. Devika demonstrates excellent emotional stability during challenging data quality issues and conflicting analytical requirements. Her moderate agreeableness helps her advocate for methodological rigor while maintaining stakeholder relationships, though she sometimes becomes frustrated when business timelines conflict with proper analytical validation.",0.9,0.9,0.8,0.6,0.2
Maya Johnson,"Maya demonstrates emerging conscientiousness in her systematic approach to learning iOS development patterns and maintaining organized project structures. Her moderate openness to experience shows in her focused exploration of Apple's latest frameworks while building strong Swift fundamentals. She exhibits moderate extraversion, contributing actively in pair programming sessions while being more reserved during technical presentations. Maya shows good emotional stability for her experience level, handling code review feedback well though occasionally feeling stressed during complex UI layout challenges. Her high agreeableness makes her collaborative and receptive to mentorship, though she sometimes hesitates to propose alternative implementation approaches.",0.6,0.7,0.5,0.8,0.4
Emma Garcia,"Emma demonstrates high conscientiousness through her meticulous attention to test coverage analysis and comprehensive documentation of quality processes. Her high openness to experience is reflected in her willingness to adopt new testing approaches and explore innovative quality validation techniques. She displays high extraversion, facilitating quality workshops and effectively bridging communication between QA and product teams. Emma shows excellent emotional stability during high-pressure testing cycles and challenging stakeholder quality discussions. Her moderate agreeableness allows her to advocate for comprehensive testing while maintaining productive team relationships, though she sometimes delays testing completion to achieve perfect coverage metrics.",0.9,0.9,0.8,0.6,0.2
Ryan Miller,"Ryan shows exceptional conscientiousness in his systematic approach to application architecture and comprehensive documentation of development decisions. His moderate openness to experience is evident in his thoughtful evaluation of new technologies while maintaining focus on proven development practices. He exhibits low to moderate extraversion, contributing valuable technical insights during architecture reviews while preferring individual coding sessions. Ryan maintains high emotional stability during complex debugging scenarios and stakeholder technical presentations. His high agreeableness makes him collaborative and mentoring-focused with junior developers, though he sometimes compromises technical standards when facing pressure for rapid feature delivery.",0.5,0.9,0.3,0.8,0.2
Olivia Johnson,"Olivia demonstrates emerging conscientiousness in her organized approach to design file management and systematic learning of design principles. Her moderate openness to experience shows in her careful study of established design patterns while gradually exploring more creative solutions. She exhibits moderate extraversion, contributing actively in small design team meetings while being more reserved during client presentations. Olivia shows good emotional stability for her experience level, accepting constructive criticism well though occasionally feeling overwhelmed by complex design requirements. Her high agreeableness makes her a supportive team member, though she sometimes hesitates to propose bold design concepts that might challenge conventional approaches.",0.5,0.7,0.5,0.8,0.4
Aaron Young,"Aaron demonstrates emerging conscientiousness in his systematic approach to learning database concepts and maintaining organized code structure. His moderate openness to experience shows in his careful exploration of backend development tools while focusing on building foundational knowledge. He exhibits moderate extraversion, contributing thoughtfully in code review sessions while being more observational during complex technical discussions. Aaron shows good emotional stability for his experience level, handling basic development feedback well though feeling overwhelmed during system architecture planning sessions. His high agreeableness makes him collaborative and eager to contribute, though he sometimes hesitates to ask questions about complex backend concepts.",0.5,0.7,0.4,0.8,0.3
Carlos Hernandez,"Carlos shows high conscientiousness in his meticulous approach to model training and thorough validation of machine learning performance metrics. His moderate openness to experience is evident in his thoughtful evaluation of new ML techniques while maintaining focus on proven algorithmic approaches. He exhibits low to moderate extraversion, contributing valuable insights during technical ML reviews while preferring individual model development sessions. Carlos maintains high emotional stability during complex hyperparameter tuning and challenging model interpretation requirements. His high agreeableness makes him collaborative and supportive when sharing ML knowledge, though he sometimes delays model deployment decisions to ensure exhaustive performance validation.",0.5,0.9,0.3,0.8,0.2
Steven Lee,"Steven exhibits exceptional conscientiousness through his comprehensive approach to architectural planning and detailed documentation of system design decisions. His high openness to experience drives his exploration of emerging architectural patterns and innovative technology solutions. He shows moderate extraversion, effectively communicating complex technical concepts to executive stakeholders while preferring focused architectural work. Steven demonstrates excellent emotional stability during critical system decisions and high-pressure technical reviews. His moderate agreeableness helps him balance technical excellence with business constraints, though he sometimes becomes overly focused on architectural purity at the expense of practical implementation timelines.",0.8,0.9,0.6,0.6,0.2
Sophia Garcia,"Sophia demonstrates emerging conscientiousness in her systematic approach to learning blockchain concepts and maintaining organized development documentation. Her moderate openness to experience shows in her focused exploration of blockchain technologies while building cryptographic foundations. She exhibits moderate extraversion, contributing thoughtfully in blockchain team meetings while being reserved during technical architecture presentations. Sophia shows good emotional stability for her experience level, handling blockchain guidance well though occasionally feeling overwhelmed by complex protocol requirements. Her high agreeableness makes her collaborative and receptive to blockchain mentorship, though she sometimes hesitates to propose alternative implementations.",0.5,0.7,0.4,0.8,0.3
Thomas Wilson,"Thomas shows high conscientiousness in his meticulous approach to data pipeline architecture and comprehensive documentation of data transformation logic. His moderate openness to experience is evident in his thoughtful evaluation of modern data stack tools while maintaining focus on proven analytical methodologies. He exhibits moderate extraversion, contributing valuable insights during data architecture discussions while preferring individual analytical development work. Thomas maintains high emotional stability during complex data migration projects and challenging stakeholder data requests. His high agreeableness makes him collaborative and patient when explaining technical data concepts, though he sometimes delays analytical deliverables to ensure perfect data accuracy.",0.5,0.9,0.5,0.8,0.2
Natalie Rodriguez,"Natalie demonstrates emerging conscientiousness in her organized approach to design asset management and systematic learning of UX principles. Her moderate openness to experience shows in her careful study of design best practices while gradually exploring more innovative solutions. She exhibits moderate extraversion, contributing actively in small design sessions while being more reserved during client presentations. Natalie shows good emotional stability for her experience level, accepting design criticism constructively though occasionally feeling overwhelmed by complex information architecture requirements. Her high agreeableness makes her supportive and collaborative, though she sometimes hesitates to propose bold design concepts that might challenge established patterns.",0.5,0.7,0.5,0.8,0.4
Jennifer Kim,"Jennifer exhibits high conscientiousness through her comprehensive approach to NFT ecosystem development and detailed validation of token standard implementations. Her high openness to experience drives her exploration of emerging Web3 technologies and innovative digital asset frameworks. She shows high extraversion, facilitating Web3 workshops and effectively building relationships with creative and technical stakeholders. Jennifer demonstrates excellent emotional stability during complex marketplace integrations and challenging intellectual property discussions. Her moderate agreeableness helps her advocate for creator-friendly platforms while balancing technical constraints, though she occasionally becomes frustrated when regulatory uncertainty impacts development timelines.",0.9,0.9,0.8,0.6,0.2
Patricia Johnson,"Patricia exhibits high conscientiousness through her comprehensive approach to mobile application testing and systematic validation of quality metrics across platforms. Her high openness to experience drives her exploration of innovative testing frameworks and emerging quality assurance methodologies. She shows high extraversion, leading quality planning sessions and effectively communicating testing strategies to stakeholders. Patricia demonstrates excellent emotional stability during critical release testing and complex defect analysis scenarios. Her moderate agreeableness helps her enforce quality standards while maintaining collaborative development relationships, though she occasionally becomes impatient with developers who resist implementing comprehensive testing practices.",0.9,0.9,0.8,0.6,0.2
Victoria Johnson,"Victoria exhibits high conscientiousness through her systematic approach to process improvement and comprehensive measurement of business transformation outcomes. Her high openness to experience drives her exploration of innovative business methodologies and emerging analytical frameworks. She shows high extraversion, leading cross-departmental improvement initiatives and effectively facilitating stakeholder alignment sessions. Victoria demonstrates excellent emotional stability during organizational change resistance and challenging business requirement negotiations. Her moderate agreeableness helps her advocate for process efficiency while maintaining collaborative relationships, though she sometimes becomes impatient with stakeholders who resist data-driven process improvements.",0.9,0.9,0.8,0.6,0.2
Maria Johnson,"Maria shows high conscientiousness in her meticulous approach to database cloud optimization and comprehensive monitoring of cloud resource utilization patterns. Her moderate openness to experience is evident in her thoughtful evaluation of cloud database technologies while maintaining proven data management practices. She exhibits moderate extraversion, contributing valuable insights during cloud strategy sessions while preferring focused database optimization work. Maria maintains excellent emotional stability during complex data migration scenarios and challenging performance tuning requirements. Her high agreeableness makes her collaborative when coordinating database cloud initiatives, though she sometimes delays cloud adoption decisions to ensure complete data safety validation.",0.5,0.9,0.5,0.8,0.2
Derek Wilson,"Derek shows developing conscientiousness through his detailed approach to learning testing standards and systematic documentation of testing experiences. His moderate openness to experience is balanced with focus on understanding proven testing practices before exploring innovative quality approaches. He displays low to moderate extraversion, preferring to contribute through comprehensive written test reports rather than verbal testing discussions. Derek demonstrates developing emotional stability, maintaining focus during routine testing while seeking guidance during complex quality assessment scenarios. His high agreeableness makes him receptive to testing mentorship and eager to support team quality goals, though he sometimes lacks confidence in identifying subtle usability issues.",0.4,0.7,0.3,0.8,0.3
Logan Garcia,"Logan shows developing conscientiousness through his careful attention to web standards and systematic progression through frontend learning materials. His moderate openness to experience is balanced with focus on mastering core technologies before exploring advanced frameworks. He displays low to moderate extraversion, preferring to contribute through well-tested code implementations rather than impromptu technical discussions. Logan demonstrates developing emotional stability, maintaining focus during structured learning while seeking support during complex browser compatibility challenges. His high agreeableness makes him eager to learn and supportive of development standards, though he sometimes lacks confidence in making independent technical decisions about frontend architecture.",0.4,0.7,0.3,0.8,0.3
Benjamin Foster,"Benjamin exhibits high conscientiousness through his comprehensive approach to enterprise integration planning and systematic evaluation of architectural trade-offs. His high openness to experience drives his exploration of cloud-native patterns and innovative system design methodologies. He shows moderate extraversion, effectively presenting architectural vision to stakeholders while maintaining focus on technical implementation details. Benjamin demonstrates excellent emotional stability during complex architectural reviews and challenging system performance discussions. His moderate agreeableness helps him balance architectural innovation with organizational constraints, though he occasionally becomes overly focused on technical elegance at the expense of practical delivery timelines.",0.8,0.9,0.6,0.5,0.2
Taylor Rodriguez,"Taylor demonstrates high conscientiousness through her comprehensive approach to full-stack feature planning and systematic implementation of development standards. Her high openness to experience is reflected in her willingness to experiment with alternative technology combinations and explore innovative development workflows. She displays high extraversion, facilitating technical coordination meetings and building strong relationships across development teams. Taylor shows excellent emotional stability during challenging technical integrations and complex stakeholder requirement changes. Her moderate agreeableness allows her to balance development efficiency with code quality standards, though she sometimes becomes impatient with teams that resist adopting modern development practices.",0.9,0.9,0.8,0.6,0.2
Noah Martinez,"Noah shows developing conscientiousness through his detailed approach to learning product management principles and maintaining organized requirement documentation. His moderate openness to experience is evident in his willingness to explore different product frameworks while focusing on core competencies. He displays low to moderate extraversion, preferring to contribute through well-prepared product presentations rather than impromptu strategic discussions. Noah demonstrates developing emotional stability, maintaining focus during structured product planning while seeking support during complex stakeholder conflict scenarios. His high agreeableness makes him eager to learn and supportive of product initiatives, though he sometimes lacks confidence in making independent product decisions.",0.4,0.7,0.3,0.8,0.3
Matthew Rodriguez,"Matthew shows high conscientiousness in his meticulous approach to ensemble modeling and comprehensive tracking of model performance in production environments. His moderate openness to experience is evident in his thoughtful evaluation of new machine learning tools while maintaining focus on proven algorithmic approaches. He exhibits moderate extraversion, contributing valuable insights during model review sessions while preferring individual research and development work. Matthew maintains high emotional stability during complex model debugging and challenging stakeholder interpretation requirements. His high agreeableness makes him collaborative when sharing machine learning expertise, though he sometimes compromises model sophistication when teams prefer simpler interpretable solutions.",0.5,0.9,0.5,0.8,0.2
Linda Martinez,"Linda demonstrates high conscientiousness through her detailed test planning and comprehensive quality documentation that has significantly improved release quality. Her moderate openness to experience is evident in her balanced approach to incorporating new testing techniques while maintaining proven quality processes. She shows low to moderate extraversion, preferring structured testing discussions over informal bug triage meetings but contributing valuable quality insights. Linda exhibits excellent emotional stability during high-pressure testing cycles and critical production issues. Her moderate agreeableness allows her to enforce quality standards while maintaining positive team relationships, though she sometimes delays reporting contentious bugs until she has exhaustive documentation.",0.5,0.9,0.3,0.6,0.2
Robert Davis,"Robert shows high conscientiousness in his meticulous attention to cryptocurrency protocol security and systematic analysis of blockchain network performance metrics. His moderate openness to experience is evident in his balanced approach to adopting new cryptocurrency technologies while maintaining proven security practices. He exhibits low to moderate extraversion, contributing valuable insights during security reviews while preferring detailed protocol analysis work. Robert maintains excellent emotional stability during network security incidents and complex cryptographic implementation challenges. His high agreeableness makes him approachable for blockchain security consultations, though he sometimes struggles with communicating complex cryptographic concepts to non-technical stakeholders.",0.5,0.8,0.3,0.9,0.2
Ana Rodriguez,"Ana demonstrates high conscientiousness through her comprehensive approach to end-to-end ML solution development and detailed monitoring of production model performance. Her high openness to experience is reflected in her willingness to tackle diverse ML domains and explore cutting-edge research implementations. She displays high extraversion, leading ML architecture discussions and effectively bridging research and engineering teams. Ana shows excellent emotional stability during complex model failures and challenging stakeholder expectations about ML capabilities. Her moderate agreeableness allows her to advocate for technically sound ML practices while maintaining collaborative relationships, though she sometimes becomes frustrated when business requirements conflict with ML best practices.",0.9,0.9,0.8,0.6,0.2
Samantha Wilson,"Samantha shows emerging conscientiousness in her systematic approach to organizing product feedback and learning stakeholder management frameworks. Her moderate openness to experience is balanced with focus on understanding fundamental product concepts before exploring advanced methodologies. She exhibits moderate extraversion, contributing thoughtfully in product meetings while being more reserved during executive strategy sessions. Samantha demonstrates good emotional stability for her experience level, handling product guidance well though occasionally feeling stressed during competitive analysis discussions. Her high agreeableness makes her collaborative and receptive to mentorship, though she sometimes hesitates to advocate for features that might require significant development resources.",0.6,0.75,0.5,0.8,0.4
Maya Patel,"Maya shows emerging conscientiousness in her systematic approach to learning digital design principles and maintaining organized lab notebook documentation. Her moderate openness to experience shows in her focused exploration of embedded development tools while building foundational hardware knowledge. She exhibits moderate extraversion, contributing thoughtfully in team meetings while being more reserved during complex technical presentations. Maya demonstrates good emotional stability for her experience level, handling design feedback well though occasionally feeling stressed during high-speed digital signal integrity challenges. Her high agreeableness makes her collaborative and receptive to mentorship, though she sometimes struggles with debugging complex timing-related issues independently.",0.5,0.7,0.4,0.8,0.3
Grace Thompson,"Grace shows developing conscientiousness through her detailed approach to learning infrastructure principles and systematic documentation of cloud concept progress. Her moderate openness to experience is balanced with focus on understanding fundamental technologies before exploring advanced cloud services. She displays low to moderate extraversion, preferring to contribute through well-prepared infrastructure reports rather than spontaneous cloud discussions. Grace demonstrates developing emotional stability, maintaining focus during structured learning while seeking support during complex cloud implementation scenarios. Her high agreeableness makes her eager to learn and supportive of cloud adoption initiatives, though she sometimes lacks confidence in making independent infrastructure decisions.",0.4,0.7,0.3,0.8,0.4
Amanda Wilson,"Amanda demonstrates high conscientiousness through her comprehensive approach to blockchain network governance and systematic documentation of validator operation procedures. Her high openness to experience is reflected in her willingness to explore innovative consensus mechanisms and emerging blockchain governance models. She displays high extraversion, leading blockchain community initiatives and effectively coordinating between technical and governance stakeholders. Amanda shows excellent emotional stability during network upgrade challenges and complex governance proposal discussions. Her moderate agreeableness allows her to balance decentralization principles with practical network operations, though she sometimes becomes impatient with stakeholders who resist transparent governance processes.",0.85,0.9,0.8,0.6,0.2
Christina Garcia,"Christina demonstrates high conscientiousness through her meticulous approach to containerized cloud applications and comprehensive implementation of cloud security policies. Her high openness to experience is reflected in her willingness to adopt cloud-native development patterns and explore innovative deployment strategies. She displays high extraversion, leading cloud-native workshops and effectively mentoring development teams on modern practices. Christina shows excellent emotional stability during complex container orchestration challenges and challenging performance optimization requirements. Her moderate agreeableness allows her to advocate for cloud-native best practices while building team consensus, though she occasionally becomes impatient with teams that resist containerization adoption.",0.9,0.9,0.8,0.6,0.2
Nina Patel,"Nina shows emerging conscientiousness in her methodical approach to learning infrastructure concepts and maintaining detailed notes on procedures. Her moderate openness to experience is balanced with a preference for mastering fundamental concepts before exploring advanced tools. She exhibits moderate extraversion, participating actively in technical discussions while being more observational during complex troubleshooting sessions. Nina demonstrates good emotional stability for her experience level, remaining focused during learning challenges though occasionally feeling overwhelmed by the breadth of DevOps tooling. Her high agreeableness makes her receptive to feedback and eager to support team objectives, though she sometimes hesitates to suggest process improvements despite having valuable insights.",0.5,0.7,0.6,0.8,0.4
Amanda Thompson,"Amanda demonstrates emerging conscientiousness in her systematic approach to learning business analysis techniques and maintaining organized requirement documentation. Her moderate openness to experience shows in her focused exploration of business analysis tools while building foundational analytical skills. She exhibits moderate extraversion, contributing actively in smaller stakeholder meetings while being more reserved during large business strategy sessions. Amanda shows good emotional stability for her experience level, handling business feedback well though occasionally feeling overwhelmed by competing stakeholder priorities. Her high agreeableness makes her collaborative and supportive of business objectives, though she sometimes hesitates to challenge requirements that seem technically unfeasible.",0.5,0.7,0.5,0.8,0.4
Sophia Martinez,"Sophia demonstrates emerging conscientiousness in her systematic approach to learning ML algorithms and maintaining organized model development notebooks. Her moderate openness to experience shows in her focused exploration of machine learning frameworks while building mathematical foundations. She exhibits moderate extraversion, contributing actively in ML learning sessions while being more reserved during technical model architecture discussions. Sophia shows good emotional stability for her experience level, handling ML guidance well though occasionally feeling overwhelmed by complex algorithmic implementation requirements. Her high agreeableness makes her collaborative and receptive to ML mentorship, though she sometimes hesitates to question model assumptions even when she identifies potential issues.",0.5,0.7,0.5,0.8,0.3
Tyler Martinez,"Tyler shows developing conscientiousness through his careful attention to assembly procedures and systematic approach to learning PCB design guidelines. His moderate openness to experience is balanced with focus on mastering fundamental layout principles before exploring advanced high-speed design techniques. He displays low to moderate extraversion, preferring to contribute through hands-on technical work rather than verbal design discussions. Tyler demonstrates developing emotional stability, maintaining focus during routine assembly tasks while seeking support during complex signal integrity layout challenges. His high agreeableness makes him receptive to layout mentorship and eager to support hardware manufacturing objectives, though he sometimes lacks confidence in making independent routing decisions.",0.4,0.7,0.3,0.8,0.3
Lisa Thompson,"Lisa shows high conscientiousness in her meticulous approach to enterprise blockchain architecture and systematic implementation of permissioned network governance. Her moderate openness to experience is evident in her thoughtful evaluation of blockchain platforms while maintaining focus on proven enterprise patterns. She exhibits high extraversion, leading blockchain strategy sessions and effectively coordinating between business and technical stakeholders. Lisa maintains excellent emotional stability during complex network consensus issues and challenging regulatory compliance discussions. Her moderate agreeableness allows her to enforce blockchain governance while maintaining collaborative relationships, though she sometimes appears inflexible when teams request shortcuts in blockchain security protocols.",0.5,0.9,0.8,0.6,0.2
Sarah Thompson,"Sarah demonstrates emerging conscientiousness in her systematic approach to learning quality assurance principles and maintaining organized testing documentation. Her moderate openness to experience shows in her careful exploration of testing methodologies while building fundamental quality knowledge. She exhibits moderate extraversion, contributing thoughtfully in QA team meetings while being more reserved during cross-functional quality discussions. Sarah shows good emotional stability for her experience level, handling testing feedback well though occasionally feeling overwhelmed by complex testing requirement analysis. Her high agreeableness makes her collaborative and supportive of quality objectives, though she sometimes struggles with prioritizing critical defects when multiple issues require attention.",0.5,0.7,0.4,0.8,0.3
Nick Martinez,"Nick demonstrates emerging conscientiousness in his systematic approach to learning infrastructure foundations and maintaining organized cloud study materials. His moderate openness to experience shows in his focused exploration of cloud technologies while building system administration skills. He exhibits moderate extraversion, contributing thoughtfully in infrastructure discussions while being reserved during complex technical presentations. Noah shows good emotional stability for his experience level, handling infrastructure feedback well though occasionally feeling overwhelmed by cloud architecture requirements. His high agreeableness makes him collaborative and receptive to infrastructure mentorship, though he sometimes hesitates to propose cloud solutions even when he identifies improvement opportunities.",0.5,0.7,0.4,0.8,0.3
Flames Wilson,"Flames shows high conscientiousness in his comprehensive approach to frontend architecture and detailed implementation of responsive design principles. His high openness to experience is reflected in his willingness to experiment with new JavaScript frameworks and innovative UI/UX patterns. He displays high extraversion, leading frontend development discussions and effectively communicating technical concepts to product teams. James demonstrates excellent emotional stability during complex user experience challenges and challenging cross-browser compatibility issues. His moderate agreeableness allows him to advocate for user-centered design while maintaining collaborative development relationships, though he occasionally becomes impatient with backend teams that don't prioritize frontend performance requirements.",0.9,0.85,0.8,0.65,0.2
Oliver Martinez,"Oliver exhibits high conscientiousness through his systematic approach to large-scale machine learning workflows and comprehensive documentation of distributed training processes. Her high openness to experience drives his exploration of big data ML technologies and innovative feature engineering techniques. He shows moderate extraversion, effectively presenting ML infrastructure solutions to engineering teams while maintaining focus on model optimization work. Oliver demonstrates excellent emotional stability during complex distributed training challenges and challenging model scalability requirements. His moderate agreeableness helps him balance ML infrastructure needs with team development preferences, though he occasionally becomes overly focused on training efficiency at the expense of model interpretability.",0.8,0.9,0.6,0.5,0.2
Matthew Clark,"Matthew shows developing conscientiousness through his systematic approach to learning design principles and maintaining organized design libraries. His moderate openness to experience is balanced with focus on mastering fundamental concepts before exploring advanced interaction design. He displays low to moderate extraversion, preferring to contribute through polished design presentations rather than impromptu creative discussions. Matthew demonstrates developing emotional stability, handling design feedback well while seeking guidance during complex usability testing scenarios. His high agreeableness makes him receptive to design mentorship and supportive of team creative objectives, though he sometimes lacks confidence in proposing alternative design approaches that differ from senior designers' recommendations.",0.4,0.7,0.3,0.8,0.3
Alexander Thompson,"Alexander shows developing conscientiousness through his detailed approach to learning blockchain fundamentals and systematic documentation of technology research. His moderate openness to experience is evident in his willingness to understand both technical and economic aspects of blockchain systems. He displays low to moderate extraversion, preferring to contribute through comprehensive research reports rather than verbal blockchain discussions. Alexander demonstrates developing emotional stability, maintaining focus during routine learning while seeking guidance during complex protocol analysis. His high agreeableness makes him receptive to blockchain mentorship and eager to support development initiatives, though he sometimes lacks confidence in making independent decisions about blockchain architecture choices.",0.5,0.7,0.3,0.8,0.4
Samantha Chen,"Samantha exhibits high conscientiousness through her systematic approach to large-scale model training and comprehensive documentation of machine learning experimentation processes. Her high openness to experience drives her exploration of cutting-edge AI research and innovative deep learning architectures. She shows moderate extraversion, effectively presenting research findings to technical stakeholders while maintaining focus on model development work. Samantha demonstrates excellent emotional stability during challenging model convergence issues and complex hyperparameter optimization scenarios. Her moderate agreeableness helps her balance research innovation with practical application requirements, though she sometimes becomes overly focused on model performance metrics at the expense of deployment considerations.",0.9,0.85,0.6,0.65,0.2
Lisa Wang,"Lisa demonstrates emerging conscientiousness in her systematic approach to learning electronics fundamentals and maintaining detailed measurement logs. Her moderate openness to experience shows in her careful progression through circuit analysis concepts while building practical lab skills. She exhibits moderate extraversion, contributing actively in smaller team sessions while being more observational during complex design discussions. Lisa shows good emotional stability for her experience level, handling basic measurements well though occasionally feeling overwhelmed by multi-domain circuit analysis requirements. Her high agreeableness makes her supportive and eager to contribute to team objectives, though she sometimes hesitates to propose alternative measurement approaches even when she notices potential improvements.",0.5,0.7,0.5,0.8,0.4
Sarah Chennam,"Sarah demonstrates high conscientiousness through her comprehensive approach to IoT system power optimization and detailed analysis of sensor fusion algorithms in hardware. Her high openness to experience is reflected in her willingness to experiment with emerging sensor technologies and innovative low-power design techniques. She displays high extraversion, facilitating cross-functional IoT workshops and building strong relationships with firmware and cloud teams. Sarah shows excellent emotional stability during complex power budget challenges and challenging wireless connectivity optimization requirements. Her moderate agreeableness allows her to balance hardware innovation with practical manufacturing constraints, though she occasionally becomes overly focused on power efficiency at the expense of feature functionality.",0.9,0.9,0.8,0.6,0.2
Jacob Garcia,"Jacob shows emerging conscientiousness in his systematic approach to learning security protocols and maintaining organized security procedure notes. His moderate openness to experience is balanced with focus on understanding fundamental security concepts before exploring advanced threat analysis techniques. He exhibits moderate extraversion, contributing thoughtfully in security team meetings while being more reserved during high-stakes security discussions. Jacob demonstrates good emotional stability for his experience level, handling security guidance well though occasionally feeling overwhelmed by complex security architecture requirements. His high agreeableness makes him collaborative and supportive of security initiatives, though she sometimes struggles with assertively communicating critical security concerns to management.",0.5,0.7,0.5,0.8,0.4
Cameron Johnson,"Cameron shows developing conscientiousness through his organized approach to learning comprehensive web development and systematic documentation of full-stack learning progress. His moderate openness to experience is balanced with focus on understanding fundamental technologies before exploring advanced frameworks. He displays low to moderate extraversion, preferring to contribute through well-tested development implementations rather than impromptu technical discussions. Cameron demonstrates developing emotional stability, maintaining focus during structured full-stack learning while seeking support during complex integration challenges. His high agreeableness makes him eager to learn and supportive of development standards, though he sometimes lacks confidence in making independent decisions about full-stack architecture choices.",0.5,0.7,0.3,0.8,0.4
Ryan Lee,"Ryan shows developing conscientiousness through his detailed approach to learning business analysis principles and systematic organization of stakeholder communications. His moderate openness to experience is balanced with focus on understanding core business concepts before exploring advanced analytical methodologies. He displays low to moderate extraversion, preferring to contribute through well-prepared business summaries rather than spontaneous stakeholder discussions. Ryan demonstrates developing emotional stability, maintaining focus during routine business analysis while seeking support during complex organizational dynamics scenarios. His high agreeableness makes him receptive to business mentorship and eager to support analytical objectives, though he sometimes lacks confidence in making independent business recommendations.",0.4,0.7,0.3,0.8,0.4
Emma Chennamsetty,"Emma demonstrates emerging conscientiousness in her systematic approach to understanding blockchain architecture and maintaining detailed notes on protocol concepts. Her moderate openness to experience shows in her willingness to explore different consensus mechanisms while focusing on building foundational knowledge. She exhibits moderate extraversion, contributing actively in smaller blockchain learning sessions while being observational during complex technical discussions. Emma shows good emotional stability for her experience level, handling blockchain concept feedback well though occasionally feeling stressed during hands-on development exercises. Her high agreeableness makes her supportive and collaborative in learning environments, though she sometimes hesitates to ask detailed questions about complex blockchain architectures.",0.6,0.7,0.5,0.8,0.4
Gregory Taylor,"Gregory shows developing conscientiousness through his detailed approach to learning architectural principles and systematic documentation of design learning progress. His moderate openness to experience is balanced with focus on understanding fundamental system design concepts before exploring advanced architectural patterns. He displays low to moderate extraversion, preferring to contribute through well-researched architectural proposals rather than impromptu design discussions. Gregory demonstrates developing emotional stability, maintaining focus during structured architectural learning while seeking support during complex system analysis scenarios. His high agreeableness makes him eager to learn and supportive of architectural standards, though he sometimes lacks confidence in identifying potential system design flaws independently.",0.4,0.7,0.3,0.8,0.3
Melissa Johnson,"Melissa demonstrates emerging conscientiousness in her systematic approach to learning both frontend and backend development concepts simultaneously. Her moderate openness to experience shows in her careful progression through full-stack learning resources while building practical development skills. She exhibits moderate extraversion, contributing actively in technical discussions while being more reserved during complex architecture planning sessions. Melissa shows good emotional stability for her experience level, handling development feedback well though occasionally feeling overwhelmed by the breadth of full-stack responsibilities. Her high agreeableness makes her collaborative and receptive to technical mentorship, though she sometimes hesitates to suggest architectural improvements even when she identifies potential optimizations.",0.5,0.7,0.5,0.8,0.4
Joseph Brown,"Joseph shows developing conscientiousness through his careful attention to business documentation accuracy and systematic approach to learning analytical frameworks. His moderate openness to experience is balanced with focus on understanding fundamental business concepts before exploring advanced analytical techniques. He displays low to moderate extraversion, preferring to contribute through well-prepared business reports rather than spontaneous stakeholder discussions. Joseph demonstrates developing emotional stability, maintaining focus during routine business tasks while seeking support during complex stakeholder conflict resolution scenarios. His high agreeableness makes him receptive to business guidance and eager to support analytical initiatives, though he sometimes lacks confidence in questioning business assumptions independently.",0.4,0.7,0.3,0.8,0.4
Lucas Thompson,"Lucas shows developing conscientiousness through his detailed approach to learning data science principles and systematic documentation of analytical learning progress. His moderate openness to experience is balanced with focus on understanding fundamental statistical concepts before exploring advanced machine learning techniques. He displays low to moderate extraversion, preferring to contribute through well-prepared analytical presentations rather than impromptu data science discussions. Lucas demonstrates developing emotional stability, maintaining focus during structured analytical learning while seeking support during complex model development scenarios. His high agreeableness makes him eager to learn and supportive of data science initiatives, though he sometimes lacks confidence in interpreting complex statistical results independently.",0.5,0.7,0.3,0.8,0.4
Lisa Wang,"Lisa demonstrates emerging conscientiousness in her systematic approach to learning data science concepts and maintaining organized analytical notebooks. Her moderate openness to experience shows in her careful progression through machine learning learning resources while building statistical foundations. She exhibits moderate extraversion, contributing thoughtfully in data science team meetings while being more reserved during technical model presentations. Lisa shows good emotional stability for her experience level, handling analytical feedback well though occasionally feeling overwhelmed by complex statistical modeling requirements. Her high agreeableness makes her collaborative and receptive to data science mentorship, though she sometimes hesitates to propose alternative analytical approaches even when she identifies potential improvements.",0.5,0.7,0.5,0.8,0.4
Michael Johnson,"Michael demonstrates high conscientiousness through his comprehensive approach to embedded system architecture and detailed validation of hardware-software interfaces. His high openness to experience is reflected in his willingness to adopt new microcontroller platforms and explore innovative sensor integration techniques. He displays high extraversion, leading hardware-software integration meetings and effectively mentoring junior engineers on embedded principles. Michael shows excellent emotional stability during complex system bring-up challenges and challenging real-time performance requirements. His moderate agreeableness allows him to advocate for hardware design best practices while maintaining collaborative development relationships, though he occasionally becomes impatient with software teams that don't understand hardware timing constraints.",0.8,0.9,0.85,0.6,0.2
Timothy Clark,"Timothy demonstrates emerging conscientiousness in his systematic approach to learning architectural concepts and maintaining organized design documentation. His moderate openness to experience shows in his careful study of established architectural patterns while gradually exploring more innovative approaches. He exhibits moderate extraversion, contributing thoughtfully in architectural discussions while being more reserved during executive technical presentations. Timothy shows good emotional stability for his experience level, handling architectural guidance well though occasionally feeling overwhelmed by complex system integration challenges. His high agreeableness makes him collaborative and receptive to architectural mentorship, though he sometimes hesitates to propose alternative design solutions that might challenge senior architects' recommendations.",0.5,0.7,0.4,0.8,0.3
Grace Wilson,"Grace demonstrates emerging conscientiousness in her systematic approach to learning statistical modeling concepts and maintaining organized analytical documentation. Her moderate openness to experience shows in her careful progression through data science methodologies while building mathematical foundations. She exhibits moderate extraversion, contributing thoughtfully in analytical team meetings while being more reserved during technical model presentations. Grace shows good emotional stability for her experience level, handling data science feedback well though occasionally feeling overwhelmed by complex machine learning algorithm requirements. Her high agreeableness makes her collaborative and receptive to statistical mentorship, though she sometimes hesitates to propose alternative modeling approaches even when she identifies potential analytical improvements.",0.5,0.7,0.4,0.8,0.3
